-- phpMyAdmin SQL Dump
-- version 4.2.12deb2+deb8u3
-- http://www.phpmyadmin.net
--
-- Host: localhost
-- Generation Time: Jul 19, 2018 at 05:38 AM
-- Server version: 5.5.60-0+deb8u1
-- PHP Version: 5.6.36-0+deb8u1

SET SQL_MODE = "NO_AUTO_VALUE_ON_ZERO";
SET time_zone = "+00:00";


/*!40101 SET @OLD_CHARACTER_SET_CLIENT=@@CHARACTER_SET_CLIENT */;
/*!40101 SET @OLD_CHARACTER_SET_RESULTS=@@CHARACTER_SET_RESULTS */;
/*!40101 SET @OLD_COLLATION_CONNECTION=@@COLLATION_CONNECTION */;
/*!40101 SET NAMES utf8 */;

--
-- Database: `vsm`
--

-- --------------------------------------------------------

--
-- Table structure for table `qr_registration`
--

CREATE TABLE IF NOT EXISTS `qr_registration` (
  `vcl_reg_no` varchar(100) NOT NULL,
  `emp_id` int(10) NOT NULL DEFAULT '0',
  `emp_contact` varchar(20) NOT NULL DEFAULT '0',
  `qr_code_name` varchar(200) NOT NULL,
  `sticker_name` varchar(200) NOT NULL,
  `registration_date` timestamp NOT NULL DEFAULT CURRENT_TIMESTAMP ON UPDATE CURRENT_TIMESTAMP
) ENGINE=InnoDB DEFAULT CHARSET=latin1;

--
-- Dumping data for table `qr_registration`
--

INSERT INTO `qr_registration` (`vcl_reg_no`, `emp_id`, `emp_contact`, `qr_code_name`, `sticker_name`, `registration_date`) VALUES
('KA03JA5898', 14479, '9986874700', 'KA03JA5898_14479_23-02-2018-03-09-46.png', 'KA03JA5898_14479_23-02-2018-03-09-46.jpg', '2018-02-23 03:09:46'),
('KA53EJ8897', 10771, '7204933261', 'KA53EJ8897_10771_23-02-2018-03-14-16.png', 'KA53EJ8897_10771_23-02-2018-03-14-16.jpg', '2018-02-23 03:14:16'),
('KA53EM5249', 15591, '9477016682', 'KA53EM5249_15591_23-02-2018-03-31-56.png', 'KA53EM5249_15591_23-02-2018-03-31-56.jpg', '2018-02-23 03:31:56'),
('KA03HG8081', 10375, '9591097935', 'KA03HG8081_10375_23-02-2018-04-27-48.png', 'KA03HG8081_10375_23-02-2018-04-27-48.jpg', '2018-02-23 04:27:48'),
('JK-23-AE-8965', 12540, '9004256897', 'JK-23-AE-8965_12540_01-03-2018-12-29-10.png', 'JK-23-AE-8965_12540_01-03-2018-12-29-10.jpg', '2018-03-01 00:29:10'),
('KL87PL7896', 12564, '9004256897', 'KL87PL7896_12564_01-03-2018-04-49-19.png', 'KL87PL7896_12564_01-03-2018-04-49-19.jpg', '2018-03-01 04:49:20'),
('KL52AE8956', 12356, '7895641232', 'KL52AE8956_12356_01-03-2018-05-35-23.png', 'KL52AE8956_12356_01-03-2018-05-35-23.jpg', '2018-03-01 05:35:23'),
('JK-23-AE-8965', 12345, '7894561232', 'JK-23-AE-8965_12345_02-03-2018-03-02-45.png', 'JK-23-AE-8965_12345_02-03-2018-03-02-45.jpg', '2018-03-02 03:02:45'),
('JK-23-AE-8965', 12356, '8945612378', 'JK-23-AE-8965_12356_02-03-2018-03-05-04.png', 'JK-23-AE-8965_12356_02-03-2018-03-05-04.jpg', '2018-03-02 03:05:04'),
('KA03AE7895', 12356, '7894561232', 'KA03AE7895_12356_02-03-2018-03-43-14.png', 'KA03AE7895_12356_02-03-2018-03-43-14.jpg', '2018-03-02 03:43:14'),
('KA03AE7895', 12356, '7895632145', 'KA03AE7895_12356_09-03-2018-02-35-53.png', 'KA03AE7895_12356_09-03-2018-02-35-53.jpg', '2018-03-09 02:35:53'),
('KA03AE7895', 14356, '7895632145', 'KA03AE7895_14356_09-03-2018-05-56-12.png', 'KA03AE7895_14356_09-03-2018-05-56-12.jpg', '2018-03-09 05:56:12'),
('KL07EE7896', 12356, '7894561232', 'KL07EE7896_12356_09-03-2018-06-21-55.png', 'KL07EE7896_12356_09-03-2018-06-21-55.jpg', '2018-03-09 06:21:55'),
('KA03AE7895', 5641, '7894561232', 'KA03AE7895_5641_12-03-2018-10-17-39.png', 'KA03AE7895_5641_12-03-2018-10-17-39.jpg', '2018-03-11 22:17:39'),
('KA03AE7895', 5632, '7894561232', 'KA03AE7895_5632_12-03-2018-10-27-11.png', 'KA03AE7895_5632_12-03-2018-10-27-11.jpg', '2018-03-11 22:27:11'),
('TN48DC8293', 14562, '8122035698', 'TN48DC8293_14562_12-03-2018-10-33-19.png', 'TN48DC8293_14562_12-03-2018-10-33-19.jpg', '2018-03-11 22:33:19'),
('TN48DC7896', 14566, '7894561232', 'TN48DC7896_14566_12-03-2018-10-35-07.png', 'TN48DC7896_14566_12-03-2018-10-35-07.jpg', '2018-03-11 22:35:07'),
('AP98DA5647', 9512, '9874563214', 'AP98DA5647_9512_12-03-2018-10-52-21.png', 'AP98DA5647_9512_12-03-2018-10-52-21.jpg', '2018-03-11 22:52:21'),
('MH01GE9898', 10000, '7536984525', 'MH01GE9898_10000_12-03-2018-10-54-34.png', 'MH01GE9898_10000_12-03-2018-10-54-34.jpg', '2018-03-11 22:54:34'),
('TN54GE4569', 4563, '7894561232', 'TN54GE4569_4563_12-03-2018-11-30-34.png', 'TN54GE4569_4563_12-03-2018-11-30-34.jpg', '2018-03-11 23:30:34'),
('KA03AE7895', 10256, '9875632145', 'KA03AE7895_10256_12-03-2018-11-53-29.png', 'KA03AE7895_10256_12-03-2018-11-53-29.jpg', '2018-03-11 23:53:30'),
('KA34ED5678', 12356, '7895641235', 'KA34ED5678_12356_12-03-2018-12-21-36.png', 'KA34ED5678_12356_12-03-2018-12-21-36.jpg', '2018-03-12 00:21:36'),
('TN34AB8954', 13548, '8523697415', 'TN34AB8954_13548_12-03-2018-12-22-13.png', 'TN34AB8954_13548_12-03-2018-12-22-13.jpg', '2018-03-12 00:22:13'),
('AP98DA5647', 15648, '7895632145', 'AP98DA5647_15648_12-03-2018-12-32-06.png', 'AP98DA5647_15648_12-03-2018-12-32-06.jpg', '2018-03-12 00:32:06'),
('KA03AE7895', 7892, '8216356153', 'KA03AE7895_7892_12-03-2018-12-32-44.png', 'KA03AE7895_7892_12-03-2018-12-32-44.jpg', '2018-03-12 00:32:44'),
('MH01AB8989', 15687, '9874563214', 'MH01AB8989_15687_12-03-2018-02-46-54.png', 'MH01AB8989_15687_12-03-2018-02-46-54.jpg', '2018-03-12 02:46:54'),
('TN09DC9654', 12568, '7894561232', 'TN09DC9654_12568_12-03-2018-02-48-09.png', 'TN09DC9654_12568_12-03-2018-02-48-09.jpg', '2018-03-12 02:48:09'),
('KL56SA4563', 13587, '9874563214', 'KL56SA4563_13587_12-03-2018-02-49-47.png', 'KL56SA4563_13587_12-03-2018-02-49-47.jpg', '2018-03-12 02:49:47'),
('KL34ED7865', 10987, '7895632145', 'KL34ED7865_10987_12-03-2018-02-59-50.png', 'KL34ED7865_10987_12-03-2018-02-59-50.jpg', '2018-03-12 02:59:51'),
('KA03AE7895', 12873, '7895632145', 'KA03AE7895_12873_12-03-2018-03-02-37.png', 'KA03AE7895_12873_12-03-2018-03-02-37.jpg', '2018-03-12 03:02:37'),
('MH01AE4567', 7654, '9874563214', 'MH01AE4567_7654_12-03-2018-03-05-38.png', 'MH01AE4567_7654_12-03-2018-03-05-38.jpg', '2018-03-12 03:05:38'),
('GA08AD5622', 18475, '9874563214', 'GA08AD5622_18475_12-03-2018-03-19-52.png', 'GA08AD5622_18475_12-03-2018-03-19-52.jpg', '2018-03-12 03:19:52'),
('TN08BV5698', 9985, '8523697415', 'TN08BV5698_9985_12-03-2018-03-22-19.png', 'TN08BV5698_9985_12-03-2018-03-22-19.jpg', '2018-03-12 03:22:19'),
('OR54EE8976', 13658, '7894561232', 'OR54EE8976_13658_12-03-2018-03-26-56.png', 'OR54EE8976_13658_12-03-2018-03-26-56.jpg', '2018-03-12 03:26:56'),
('KA03AE7895', 12345, '7894561232', 'KA03AE7895_12345_12-03-2018-03-32-06.png', 'KA03AE7895_12345_12-03-2018-03-32-06.jpg', '2018-03-12 03:32:06'),
('AP98DA5647', 15985, '7895632145', 'AP98DA5647_15985_12-03-2018-03-42-57.png', 'AP98DA5647_15985_12-03-2018-03-42-57.jpg', '2018-03-12 03:42:57'),
('TN01FD7869', 15236, '7895632145', 'TN01FD7869_15236_12-03-2018-04-01-53.png', 'TN01FD7869_15236_12-03-2018-04-01-53.jpg', '2018-03-12 10:01:54'),
('KA03AE7895', 15874, '7854123698', 'KA03AE7895_15874_27-03-2018-11-09-58.png', 'KA03AE7895_15874_27-03-2018-11-09-58.jpg', '2018-03-27 05:09:58'),
('TN05SW3456', 8965, '8899655474', 'TN05SW3456_8965_27-03-2018-11-15-11.png', 'TN05SW3456_8965_27-03-2018-11-15-11.jpg', '2018-03-27 05:15:12'),
('KL07ED5674', 8526, '9852678965', 'KL07ED5674_8526_27-03-2018-11-33-30.png', 'KL07ED5674_8526_27-03-2018-11-33-30.jpg', '2018-03-27 05:33:31'),
('AP08CB7896', 9999, '9989987456', 'AP08CB7896_9999_27-03-2018-12-16-02.png', 'AP08CB7896_9999_27-03-2018-12-16-02.jpg', '2018-03-27 06:16:02'),
('KA02AE0020', 67456, '9864225612', 'KA02AE0020_67456_28-03-2018-02-24-23.png', 'KA02AE0020_67456_28-03-2018-02-24-23.jpg', '2018-03-28 08:24:23'),
('KA112BA264', 15592, '9856223652', 'KA112BA264_15592_05-04-2018-05-04-44.png', 'KA112BA264_15592_05-04-2018-05-04-44.jpg', '2018-04-05 11:04:44');

-- --------------------------------------------------------

--
-- Table structure for table `qr_registration1`
--

CREATE TABLE IF NOT EXISTS `qr_registration1` (
  `vcl_reg_no` varchar(100) NOT NULL,
  `emp_id` int(10) NOT NULL DEFAULT '0',
  `emp_contact` varchar(20) NOT NULL DEFAULT '0',
  `qr_code_name` varchar(200) NOT NULL,
  `registration_date` timestamp NOT NULL DEFAULT CURRENT_TIMESTAMP ON UPDATE CURRENT_TIMESTAMP
) ENGINE=InnoDB DEFAULT CHARSET=latin1;

--
-- Dumping data for table `qr_registration1`
--

INSERT INTO `qr_registration1` (`vcl_reg_no`, `emp_id`, `emp_contact`, `qr_code_name`, `registration_date`) VALUES
('KA03JA5898', 14479, '9986874700', 'KA03JA5898_14479_15-02-2018-03-12-19.png', '2018-02-15 03:12:19'),
('KA53EJ8897', 10771, '7204933261', 'KA53EJ8897_10771_15-02-2018-03-15-30.png', '2018-02-15 03:15:30'),
('KA03HG8081', 10375, '9591097935', 'KA03HG8081_10375_15-02-2018-03-16-29.png', '2018-02-15 03:16:29'),
('KA53EM5249', 15591, '9477016682', 'KA53EM5249_15591_15-02-2018-03-20-28.png', '2018-02-15 03:20:28'),
('TN28AU2008', 983362, '995623325', 'TN28AU2008_983362_22-02-2018-04-10-32.png', '2018-02-22 04:10:32');

-- --------------------------------------------------------

--
-- Table structure for table `qr_scan_data`
--

CREATE TABLE IF NOT EXISTS `qr_scan_data` (
  `vcl_reg_no` varchar(100) NOT NULL,
  `scan_time` timestamp NOT NULL DEFAULT CURRENT_TIMESTAMP ON UPDATE CURRENT_TIMESTAMP
) ENGINE=InnoDB DEFAULT CHARSET=latin1;

--
-- Dumping data for table `qr_scan_data`
--

INSERT INTO `qr_scan_data` (`vcl_reg_no`, `scan_time`) VALUES
('KA03JA5898', '2018-02-23 03:12:03'),
('KA03JA5898', '2018-02-23 03:13:36'),
('KA03JA5898', '2018-02-23 03:13:41'),
('KA03JA5898', '2018-02-23 03:13:46'),
('KA53EJ8897', '2018-02-23 03:14:51'),
('KA03JA5898', '2018-02-23 03:25:17'),
('KA53EJ8897', '2018-02-23 03:25:40'),
('KA53EM5249', '2018-02-23 03:33:58'),
('KA53EM5249', '2018-02-23 03:35:10'),
('KA03HG8081', '2018-02-23 04:57:01'),
('KA53EM5249', '2018-02-23 04:57:06'),
('KA03JA5898', '2018-02-23 04:57:11'),
('KA53EJ8897', '2018-02-23 04:57:23'),
('KA03HG8081', '2018-02-23 05:04:14'),
('KL87PL7896', '2018-03-01 04:49:56'),
('KL87PL7896', '2018-03-01 04:54:16'),
(' TN05SW3456', '2018-03-27 05:30:00'),
(' KL07ED5674', '2018-03-27 05:33:42'),
(' KL07ED5674', '2018-03-27 05:42:43'),
(' KL07ED5674', '2018-03-27 05:42:45'),
(' AP08CB7896', '2018-03-27 06:16:30'),
(' AP08CB7896', '2018-03-27 06:23:59'),
(' KA53EM5249', '2018-03-27 08:37:28'),
(' KA03JA5898', '2018-03-27 08:41:06'),
(' KA03HG8081', '2018-03-27 09:00:01'),
(' KA53EJ8897', '2018-03-27 11:01:18'),
(' KA53EJ8897', '2018-03-27 11:01:20'),
(' KA03HG8081', '2018-03-27 11:57:42'),
(' KA03HG8081', '2018-03-27 12:00:27'),
(' KA03HG8081', '2018-03-27 12:03:21'),
(' KA53EJ8897', '2018-03-27 12:06:12'),
(' KA03HG8081', '2018-03-27 12:06:26'),
(' KA03HG8081', '2018-03-27 12:06:32'),
(' KA03JA5898', '2018-03-27 12:06:48'),
(' KA53EM5249', '2018-03-27 12:07:38'),
(' KA53EM5249', '2018-03-27 12:07:41'),
(' KA53EJ8897', '2018-03-27 12:07:43'),
(' KA03HG8081', '2018-03-27 12:07:49'),
(' KA03HG8081', '2018-03-27 12:07:51'),
(' KA03JA5898', '2018-03-27 12:07:52'),
(' KA03JA5898', '2018-03-27 12:07:54'),
(' KA53EJ8897', '2018-03-28 07:42:38'),
(' KA03JA5898', '2018-03-28 07:51:43'),
(' KA53EJ8897', '2018-03-28 07:52:25'),
(' KA03HG8081', '2018-03-28 07:55:21'),
(' KA03JA5898', '2018-03-28 07:59:28'),
(' KA53EJ8897', '2018-03-28 08:01:12'),
(' KA03HG8081', '2018-03-28 08:05:36'),
('KA02AE0020', '2018-03-28 08:24:59'),
('KA02AE0020', '2018-03-28 08:25:42'),
('KA53EJ8897', '2018-03-28 08:27:58'),
('KA03JA5898', '2018-03-28 08:29:20'),
('KA53EJ8897', '2018-03-28 08:30:00'),
('KA53EJ8897', '2018-03-28 08:31:10'),
('KA53EM5249', '2018-03-28 08:31:11'),
('KA53EM5249', '2018-03-28 08:32:06'),
('KA53EM5249', '2018-03-28 08:34:21'),
('KA53EM5249', '2018-03-28 08:35:02'),
('KA03JA5898', '2018-03-28 08:36:11'),
('KA03HG8081', '2018-03-28 08:36:22'),
('KA53EJ8897', '2018-03-28 08:36:55'),
('KA03HG8081', '2018-03-28 08:37:06'),
('KA03JA5898', '2018-03-28 08:39:41'),
('KA03JA5898', '2018-03-28 09:49:27'),
('KA03JA5898', '2018-03-28 10:05:28'),
('KA03JA5898', '2018-04-05 10:54:26'),
('KA53EM5249', '2018-04-05 10:56:15'),
('KA03JA5898', '2018-04-05 11:01:40'),
('KL87PL7896', '2018-04-05 11:02:34'),
('KA03JA5898', '2018-04-05 11:05:20'),
('KA03JA5898', '2018-04-05 11:05:47'),
('KA112BA264', '2018-04-05 11:05:51'),
('KA03HG8081', '2018-04-05 11:15:08');

-- --------------------------------------------------------

--
-- Table structure for table `qr_scan_data_bak`
--

CREATE TABLE IF NOT EXISTS `qr_scan_data_bak` (
  `vcl_reg_no` varchar(100) NOT NULL,
  `scan_time` timestamp NOT NULL DEFAULT CURRENT_TIMESTAMP ON UPDATE CURRENT_TIMESTAMP
) ENGINE=InnoDB DEFAULT CHARSET=latin1;

--
-- Dumping data for table `qr_scan_data_bak`
--

INSERT INTO `qr_scan_data_bak` (`vcl_reg_no`, `scan_time`) VALUES
('KA03JA5898', '2018-02-15 03:13:39'),
('KA03JA5898', '2018-02-15 03:18:56'),
('TN28AU1254', '2018-02-15 03:23:31'),
('KA03JA5898', '2018-02-15 03:18:56'),
('KA03JA5898', '2018-02-15 03:18:56'),
('KA03JA5898', '2018-02-15 03:18:56'),
('KA03JA5898', '2018-02-15 03:18:56'),
('TN28AU2008', '2018-02-22 03:26:40'),
('TN28AU2008', '2018-02-22 03:26:40'),
('TN28AU2008', '2018-02-22 03:26:40'),
('TN28AU2008', '2018-02-22 03:26:40'),
('TN28AU2008', '2018-02-22 03:26:40'),
('TN28AU2008', '2018-02-22 03:26:40'),
('TN28AU2008', '2018-02-22 03:26:40'),
('TN28AU2008', '2018-02-22 03:26:40'),
('TN28AU2008', '2018-02-22 03:26:40'),
('TN28AU2008', '2018-02-22 03:26:40'),
('TN28AU2008', '2018-02-22 03:26:40'),
('TN28AU2008', '2018-02-22 03:26:41'),
('TN28AU2008', '2018-02-22 03:26:41'),
('TN28AU2008', '2018-02-22 03:26:41'),
('TN28AU2008', '2018-02-22 03:26:41'),
('TN28AU2008', '2018-02-22 03:26:41'),
('TN28AU2008', '2018-02-22 03:26:41'),
('TN28AU2008', '2018-02-22 03:26:41'),
('TN28AU2008', '2018-02-22 03:26:41'),
('TN28AU2008', '2018-02-22 03:26:41'),
('TN28AU2008', '2018-02-22 03:26:41'),
('TN28AU2008', '2018-02-22 03:26:41'),
('TN28AU2008', '2018-02-22 03:26:41'),
('TN28AU2008', '2018-02-22 03:26:41'),
('TN28AU2008', '2018-02-22 03:26:41'),
('TN28AU2008', '2018-02-22 03:26:41'),
('TN28AU2008', '2018-02-22 03:26:41'),
('TN28AU2008', '2018-02-22 03:26:41'),
('TN28AU2008', '2018-02-22 03:26:41'),
('TN28AU2008', '2018-02-22 03:26:41'),
('TN28AU2008', '2018-02-22 03:26:41'),
('TN28AU2008', '2018-02-22 03:26:41'),
('TN28AU2008', '2018-02-22 03:26:41'),
('TN28AU2008', '2018-02-22 03:26:41'),
('TN28AU2008', '2018-02-22 03:26:41'),
('TN28AU2008', '2018-02-22 03:26:41'),
('TN28AU2008', '2018-02-22 03:26:41'),
('TN28AU2008', '2018-02-22 03:26:41'),
('TN28AU2008', '2018-02-22 03:26:41'),
('TN28AU2008', '2018-02-22 03:26:41'),
('TN28AU2008', '2018-02-22 03:26:41'),
('TN28AU2008', '2018-02-22 03:26:41'),
('TN28AU2008', '2018-02-22 03:26:41'),
('TN28AU2008', '2018-02-22 03:26:41'),
('TN28AU2008', '2018-02-22 03:26:41'),
('TN28AU2008', '2018-02-22 03:26:41'),
('TN28AU2008', '2018-02-22 03:26:41'),
('TN28AU2008', '2018-02-22 03:26:41'),
('TN28AU2008', '2018-02-22 03:26:41'),
('TN28AU2008', '2018-02-22 03:26:41'),
('TN28AU2008', '2018-02-22 03:26:41'),
('TN28AU2008', '2018-02-22 03:26:41'),
('TN28AU2008', '2018-02-22 03:26:41'),
('TN28AU2008', '2018-02-22 03:26:41'),
('TN28AU2008', '2018-02-22 03:26:41'),
('TN28AU2008', '2018-02-22 03:26:41'),
('TN28AU2008', '2018-02-22 03:26:41'),
('TN28AU2008', '2018-02-22 03:26:41'),
('TN28AU2008', '2018-02-22 03:26:41'),
('TN28AU2008', '2018-02-22 03:26:41'),
('TN28AU2008', '2018-02-22 03:26:41'),
('TN28AU2008', '2018-02-22 03:26:41'),
('TN28AU2008', '2018-02-22 03:26:41'),
('TN28AU2008', '2018-02-22 03:26:41'),
('TN28AU2008', '2018-02-22 03:26:41'),
('TN28AU2008', '2018-02-22 03:26:41'),
('TN28AU2008', '2018-02-22 03:26:41'),
('TN28AU2008', '2018-02-22 03:26:41'),
('TN28AU2008', '2018-02-22 03:26:41'),
('TN28AU2008', '2018-02-22 03:26:41'),
('TN28AU2008', '2018-02-22 03:26:41'),
('TN28AU2008', '2018-02-22 03:26:41'),
('TN28AU2008', '2018-02-22 03:26:41'),
('TN28AU2008', '2018-02-22 03:26:41'),
('TN28AU2008', '2018-02-22 03:26:41'),
('TN28AU2008', '2018-02-22 03:26:41'),
('TN28AU2008', '2018-02-22 03:26:41'),
('TN28AU2008', '2018-02-22 03:26:41'),
('TN28AU2008', '2018-02-22 03:26:41'),
('TN28AU2008', '2018-02-22 03:26:41'),
('TN28AU2008', '2018-02-22 03:26:41'),
('TN28AU2008', '2018-02-22 03:26:41'),
('TN28AU2008', '2018-02-22 03:26:41'),
('TN28AU2008', '2018-02-22 03:26:41'),
('TN28AU2008', '2018-02-22 03:26:41'),
('TN28AU2008', '2018-02-22 03:26:41'),
('TN28AU2008', '2018-02-22 03:26:41'),
('TN28AU2008', '2018-02-22 03:26:41'),
('TN28AU2008', '2018-02-22 03:26:41'),
('TN28AU2008', '2018-02-22 03:26:41'),
('TN28AU2008', '2018-02-22 03:26:41'),
('TN28AU2008', '2018-02-22 03:26:41'),
('TN28AU2008', '2018-02-22 03:26:41'),
('TN28AU2008', '2018-02-22 03:26:41'),
('TN28AU2008', '2018-02-22 03:26:41'),
('TN28AU2008', '2018-02-22 03:26:41'),
('TN28AU2008', '2018-02-22 03:26:41'),
('TN28AU2008', '2018-02-22 03:26:41'),
('TN28AU2008', '2018-02-22 03:26:41'),
('TN28AU2008', '2018-02-22 03:26:41'),
('TN28AU2008', '2018-02-22 03:26:41'),
('KA23RP2008', '2018-02-22 04:17:23'),
('KA23RP2008', '2018-02-22 23:08:14'),
('KA23RP2008', '2018-02-22 23:13:09');

-- --------------------------------------------------------

--
-- Table structure for table `user_records`
--

CREATE TABLE IF NOT EXISTS `user_records` (
  `id` smallint(5) NOT NULL,
  `name` varchar(100) NOT NULL,
  `login_name` varchar(25) NOT NULL,
  `password` varchar(50) NOT NULL,
  `role` varchar(50) NOT NULL,
  `activation_status` tinyint(1) NOT NULL DEFAULT '0'
) ENGINE=InnoDB DEFAULT CHARSET=utf8;

--
-- Dumping data for table `user_records`
--

INSERT INTO `user_records` (`id`, `name`, `login_name`, `password`, `role`, `activation_status`) VALUES
(0, 'John Deo', 'john', 'a722c63db8ec8625af6cf71cb8c2d939', 'RL1000', 1);

/*!40101 SET CHARACTER_SET_CLIENT=@OLD_CHARACTER_SET_CLIENT */;
/*!40101 SET CHARACTER_SET_RESULTS=@OLD_CHARACTER_SET_RESULTS */;
/*!40101 SET COLLATION_CONNECTION=@OLD_COLLATION_CONNECTION */;
